{
  "version": 1,
  "author": "Tejasvini lichade",
  "editor": "wokwi",
  "parts": [
    { "type": "board-esp32-devkit-c-v4", "id": "esp", "top": 0, "left": 0, "attrs": {} },
    {
      "type": "wokwi-led",
      "id": "led1",
      "top": -13.2,
      "left": 138.2,
      "attrs": { "color": "red" }
    },
    { "type": "wokwi-relay-module", "id": "relay1", "top": -95.8, "left": 38.4, "attrs": {} },
    {
      "type": "wokwi-photoresistor-sensor",
      "id": "ldr1",
      "top": 243.2,
      "left": -56.8,
      "attrs": {}
    }
  ],
  "connections": [
    [ "esp:TX", "$serialMonitor:RX", "", [] ],
    [ "esp:RX", "$serialMonitor:TX", "", [] ],
    [ "led1:C", "relay1:COM", "green", [ "v38.4", "h-18.8", "v-86.4", "h38.4", "v-48" ] ],
    [ "esp:GND.2", "relay1:NO", "black", [ "v-57.6", "h52.84" ] ],
    [ "esp:5V", "led1:A", "red", [ "h0" ] ],
    [ "relay1:VCC", "esp:5V", "orange", [ "h-67.2", "v278.4" ] ],
    [ "ldr1:VCC", "esp:5V", "blue", [ "h38.4", "v-28.8", "h-153.6" ] ],
    [ "ldr1:GND", "esp:GND.1", "black", [ "h57.6", "v-48.4", "h-192", "v-67.2" ] ],
    [ "esp:VP", "ldr1:AO", "green", [ "h-62.21", "v259.2", "h201.6", "v19.2" ] ],
    [ "relay1:GND", "esp:GND.2", "black", [ "h-9.6", "v86", "h86.4" ] ],
    [ "esp:23", "relay1:IN", "green", [ "h0" ] ]
  ],
  "dependencies": {}
}